#Manually made lookup from author provided info to the canonical institute name.,
#The order matters here, the matching starts at the top of the list and stops when something is found.
#Ignore The, so The University of Bristol is University of Bristol.
#Group alphabetically by the main name, so all variations of Bristol should be in B. 
#,
#Do email addresses first - they are much more structured than postal addresses, and usually people have one.
anu.edu.au,Australian National University
bathspa.ac.uk,Bath Spa University
bthft.nhs.uk,Bradford Royal Infirmary
bbk.ac.uk,"Birkbeck, University of London"
bristol.ac.uk,University of Bristol
bris.ac.uk,University of Bristol
brown.edu,Brown University
bpmf.ac.uk,University College London
bre.co.uk,Building Research Establishment
brocku.ca,Brock University
bgsu.edu,Bowling Green State University
cam.ac.uk,University of Cambridge
northlandsrnd.org.uk,"Northlands Surgery"
city.ac.uk,"City, University of London"
cmuh.org.tw,China Medical University Hospital
ex.ac.uk,University of Essex
ehesp.fr,"EHESP"
einstein.yu.edu,Albert Einstein College of Medicine
emory.edu,Emory University
speech-therapy.org.uk,Southmead Hospital
gla.ac.uk,University of Glasgow
harvard.edu,Harvard University
helmholtz-muenchen.de,Helmholtz Zentrum M端nchen
helmholtzmuenchen.de,Helmholtz Zentrum M端nchen
hitachi.com,Hitachi
inserm.fr,Centre for Research in Epidemiology and Population Health - Villejuif
jhsph.edu,Johns Hopkins University
jhmi.edu,Johns Hopkins University
kcl.ac.uk,King's College London
ki.es,Karolinska Institutet
liverpool.ac.uk,University of Liverpool
pasteur-lille.fr,University of Lille
lse.ac.uk,London School of Economics and Political Science
lshtm.ac.uk,London School of Hygiene & Tropical Medicine
leedsmh.nhs.uk,NHS Leeds South and East
niehs.nih.gov,National Institute of Environmental Health Sciences
nottingham.ac.uk,University of Nottingham
open.ac.uk,The Open University
otago.ac.nz,University of Otago
ox.ac.uk,University of Oxford
pds.ac.uk,Peninsula College of Medicine and Dentistry
qimrberghofer.edu.au,Queensland Institute of Medical Research
qmw.ac.uk,"Queen Mary, University of London"
qmul,"Queen Mary, University of London"
qub.ac.uk,Queens University
sanger.ac.uk,Wellcome Trust Sanger Institute
soton.ac.uk,University of Southampton
sghms.ac.uk,St George's Hospital
sgul.ac.uk,St George's Hospital
ssi.dk,Statens Serum Institut
temple.edu,Temple University
uchicago.edu,University of Chicargo
ucl.ac.uk,University College London
uga.edu,University of Georgia
uni-bonn.de,University of Bonn
uq.edu.au,University of Queensland
uwe.ac.uk,University of the West of England
uw.edu,University of Washington
washington.edu,University of Washington
wisc.edu,University of Wisconsin
vumc.nl,VU University Medical Center
wustl.edu,Washington University in St. Louis
University of Virginia,University of Virginia
utu.fi,University of Turku
utwente.nl,University of Twente
uu.nl,Utrecht University
nshd.mrc.ac.uk,"Medical Research Council National Survey of Health and Development, Department of Epidemiology and Public Health, Royal Free and University College Medical School, London"
,
,
#Do the UK institution addresses.,
University of Aberdeen,University of Aberdeen
University of Bath,University of Bath
Birkbeck,"Birkbeck, University of London"
University of Birmingham,University of Birmingham
Birmingham University,University of Birmingham
Blackpool Royal Victoria Hospital,Blackpool Victoria Hospital
University of Brighton,University of Brighton
University of Bristol,University of Bristol
Brunel University,Brunel University London
University of Cambridge,University of Cambridge
Cardiff University,Cardiff University
City University,"City, University of London"
University of Coventry,Coventry University
Coventry University,Coventry University
DeMontfort University,De Montfort University
University of Dundee,University of Dundee
University of Durham,University of Durham
University of Edinburgh,University of Edinburgh
University of Essex,University of Essex
University of Exeter,University of Exeter
University of Glasgow,University of Glasgow
Goldsmiths College,"Goldsmiths, University of London"
University of Hertfordshire,University of Hertfordshire
Imperial,Imperial College London
Institute of Education,UCL Institute of Education
Institute of Cancer Research,Institute of Cancer Research
King'?s College,King's College London
Institute of Psychiary,King's College London
Kingston University,Kingston University
Lancaster University,Lancaster University
University of Leeds,University of Leeds
University of Leicester,University of Leicester
University of Liverpool,University of Liverpool
London Metropolitan University,London Metropolitan University
London School of Economics and Political Science,London School of Economics and Political Science
Loughborough University,Loughborough University
Manchester Metropolitan University,Manchester Metropolitan University
University of Manchester,University of Manchester
Medical Research Council Epidemiology Unit,Medical Research Council Centre Cambridge
MRC Epidemiology Unit,Medical Research Council Centre Cambridge
Medical Research Council Human Nutrition Research ,Medical Research Council Centre Cambridge
University of Munich,Ludwig Maximilian University of Munich
Newcastle University,Newcastle University
University of Newcastle,Newcastle University
University of Nottingham,University of Nottingham
"Nuffield College, Oxford",University of Oxford
University of Oxford,University of Oxford
Peninsula,Peninsula College of Medicine and Dentistry
Plymouth,Plymouth University
"Institute of Psychiatry, London","Institute of Psychiatry"
Queen's University,Queens University
The University of Reading,The University of Reading
University of Sheffield,University of Sheffield
University of Southampton,University of Southampton
University of St Andrews,University of St Andrews
University of Strathclyde,University of Strathclyde
University of Stirling,University of Stirling
Stirling University,University of Stirling
University of Surrey,University of Surrey
University of Sussex,University of Sussex
UCL,University College London
University College London,University College London
University of East Anglia,University of East Anglia
University of Warwick,University of Warwick
Wellcome Trust Sanger Institute,Wellcome Trust Sanger Institute
University of the West of England,UWE
University of York,University of York
,
#UK hospitals,
Addenbrooke's Hospital,Addenbrooke's Hospital
Bristol Royal Hospital for Children,Bristol Royal Hospital for Children
Royal Hospital for Sick Children,Bristol Royal Hospital for Children
Bristol Children's Hospital,Bristol Royal Hospital for Children
Bristol Oncology Centre,Bristol Royal Hospital for Children
Bristol Homeopathic Hospital,Bristol Homeopathic Hospital
Bristol Royal Infirmary,Bristol Royal Infirmary
University of British Columbia,University of British Columbia
"University Dental Hospotal, Heath Park",Cardiff Hospital
Great Ormond Street Hospital,Great Ormond Street Hospital
Guy's and St Thomas',Guy's and St Thomas' NHS Foundation Trust
Guy's Hospital,Guy's and St Thomas' NHS Foundation Trust
John Radcliffe Hospital,John Radcliffe Hospital
Ty Bryn Unit,"St Cadoc's Hospital"
North Bristol NHS Trust,North Bristol NHS Trust
Northlands R & D Unit,Northlands R & D Unit
University Hospital of Nottingham,Queen's Medical Centre
"Park Hospital, Headington, Oxford, UK.","Park Hospital for Children"
Royal United Hospital,Royal United Hospital
Southampton General Hospital,Southampton General Hospital
Southmead Hospital,Southmead Hospital
St. George's Hospital,St George's Hospital
St George's Hospital,St George's Hospital
St Mary's Hospital,St Mary's Hospital
St Thomas' Hospital,St Thomas' Hospital
"Severn Deanery, Deanery House Unit D, Vantage Office Park Hambrook, Bristol, United Kingdom.","Severn Deanery"
"Vascular Physiology Unit, National Centre for Cardiovascular Disease Prevention & Outcomes","University College London"
"Leopold Muller Centre for Child and Family Mental Health","University College London"
"Institute of Child Health, London","Institute of Child Health, London"
United Bristol Healthcare Trust,University of Bristol
"Elsie Widdowson Laboratory, Cambridge","Elsie Widdowson Laboratory, Cambridge"
,
#International,
23andMe,23andMe
University of Adelaide,University of Adelaide
University of Alabama,University of Alabama
University of Alberta,University of Alberta
University of Amsterdam,University of Amsterdam
Ankara University,Ankara University
Arabian Gulf University,Arabian Gulf University
Academic Medical Center,Academic Medical Center
University of Auckland,University of Auckland
Australian National University,Australian National University
"Centre for Research in Environmental Epidemiology, Barcelona","Centre for Research in Environmental Epidemiology, Barcelona"
University of Belgrade,University of Belgrade
Boston University,Boston University
Brigham and Women's Hospital,Brigham and Women's Hospital
University of California,University of California
Case Western Reserve University,Case Western Reserve University
University of Chicago,University of Chicago
Christchurch School of Medicine,University of Otago Christchurch School of Medicine
Christian-Albrechts-University,Christian-Albrechts University
Christian-Albrechts University,Christian-Albrechts University
"Centres for Disease Control Prevention, Atlanta","Centers for Disease Control and Prevention"
"Centers for Disease Control and Prevention, Atlanta","Centers for Disease Control and Prevention"
University of Colorado,University of Colorado
Columbia University,Columbia University
University of Copenhagen,University of Copenhagen
Cork University Maternity Hospital,Cork University Maternity Hospital
Cornell University,Cornell University
TX 75231,"Retina Foundation of the Southwest"
Dalhousie University,Dalhousie University
Deakin University,Deakin University
Deodoro,Deodoro
University College Dublin,University College Dublin
East Tennessee State University,East Tennessee State University
Emory University,Emory University
Erasmus Medical Center,Erasmus MC
Eunice Kennedy Shriver National Institute of Child Health and Human Development,Eunice Kennedy Shriver National Institute of Child Health and Human Development
eurac.edu,European Academy of Bozen
Flinders University,Flinders University
University of Florence,University of Florence
iGE3,University of Geneva
German Research Center for Environmental Health,German Research Center for Environmental Health
Ghent University,Ghent University
GlaxoSmithKline R&D,GlaxoSmithKline R&D
Universidad de Granada,University of Granada
University of Groningen,University of Groningen
umcg.nl,University of Groningen
University of Heidelberg,University of Heidelberg
University of Hong Kong,The University of Hong Kong
Hadassah-Hebrew University,Hadassah-Hebrew University
Harbin Medical University,Harbin Medical University
Hong Kong Polytechnic University,Hong Kong Polytechnic University
Harokopio University,Harokopio University
Harvard University,Harvard University
Harvard School of Public Health,Harvard School of Public Health
The Hebrew University and Hadassah,The Hebrew University and Hadassah
Hong Kong University of Science and Technology,Hong Kong University of Science and Technology
Hunan Normal University,Hunan Normal University
FIMM,University of Helsinki
University of Helsinki,University of Helsinki
The Generation R Study Group,Erasmus University Rotterdam
uniklinik-saarland.de,Saarland University Hospital
Saarland University Hospital,Saarland University Hospital
University of Illinois,University of Illinois
Indiana University,Indiana University
University of Iowa,University of Iowa
NUI Galway,NUI Galway
Johns Hopkins University,Johns Hopkins University
"Hunter Genetics, Hunter New England Health Service, NSW, Australia.","John Hunter Hospital"
Hospital for Sick Children,Hospital for Sick Children
Karolinska Institutet,Karolinska Institutet
King Saud Bin Abdulaziz University for Health Sciences,King Saud Bin Abdulaziz University for Health Sciences
Kio University,Kio University
University of Lausanne,University of Lausanne
Leiden University,Leiden University
University of Leipzig,University of Leipzig
University of Manitoba,University of Manitoba
Max-Delbr端ck-Center (MDC) for Molecular Medicine,Max-Delbr端ck-Center (MDC) for Molecular Medicine
Mayo clinic,"Mayo Medical School"
McGill University,McGill University
University of Michigan,University of Michigan
Michigan State University,Michigan State University
University of Minnesota,University of Minnesota
University of Melbourne,University of Melbourne
murdoch,"Murdoch Childrens Research Institute"
turningpoint.org.au,"Turning Point Alcohol and Drug Centre"
lrz.tum.de,Technical University of Munich
NIAA,National Institute on Alcohol Abuse and Alcoholism
National Institute on Alcohol Abuse and Alcoholism,National Institute on Alcohol Abuse and Alcoholism
National Taiwan University,National Taiwan University
LMBB,National Institute on Alcohol Abuse and Alcoholism
National Institute of Environmental Health Sciences,National Institute of Environmental Health Sciences
University of North Carolina,University of North Carolina
NYU,New York University
University of Oregon,University of Oregon
Oregon Health & Science University,Oregon Health & Science University
University of Ottawa,University of Ottawa
Gairdner,Sir Charles Gairdner Hospital
Federal University of Pelotas,Federal University of Pelotas
Pennsylvania State University,Pennsylvania State University
Penn State University,Pennsylvania State University
The Children's Hospital of Philadelphia,The Children's Hospital of Philadelphia
Abramson Research Center, The Children's Hospital of Philadelphia
Pierre et Marie Curie,University Pierre et Marie Curie
University of Eastern Piedmont,University of Eastern Piedmont
University of Porto,University of Porto
Princeton University,Princeton University
Qingdao University,Qingdao University
University of Queensland,University of Queensland
Queensland Institute of Medical Research,"Queensland Institute of Medical Research"
QIMR Berghofer Medical Research Institute,QIMR Berghofer Medical Research Institute
Queensland University of Technology,Queensland University of Technology
Radboud University,Radboud University
University Regensburg,University Hospital Regensburg
Regensburg University Medical Center,University Hospital Regensburg
University of Rochester,University of Rochester
Rotman Research Institute,Rotman Research Institute
Erasmus University Medical Center,Erasmus MC
Erasmus University Rotterdam,Erasmus University Rotterdam
Dialectical Behavior Therapy Center of Seattle,Dialectical Behavior Therapy Center of Seattle
University of Saskatchewan,University of Saskatchewan
University of South Australia,University of South Australia
University of South Carolina,University of South Carolina
Shanghai Jiaotong University,Shanghai Jiao Tong University
Shanghai Jiao Tong University,Shanghai Jiao Tong University
National University of Singapore,National University of Singapore
Stanford University,Stanford University
University of Stockholm,University of Stockholm
Stony Brook University,Stony Brook University
University of Sydney,University of Sydney
Syracuse University,Syracuse University
University of Tampere,University of Tampere
The University of Texas,The University of Texas
University of Toronto,University of Toronto
University of Trieste,University of Trieste
"Trinity College, Dublin","Trinity College, Dublin"
Tulane University,Tulane University
Vanderbilt University,Vanderbilt University
University of Victoria,University of Victoria
Virginia Commonwealth University,Virginia Commonwealth University
Yale University,Yale University
VU University,Vrije Universiteit
"Bethesda, Maryland",Eunice Kennedy Shriver National Institute of Child Health and Human Development
University Medical Centre Utrecht,University Medical Center Utrecht
"Department of Ophthalmology, National University of Singapore and National University Health System","National University of Singapore"
"Max Planck Institute for Psycholinguistics","Max Planck Institute for Psycholinguistics"
"KP Agricultural University","KP Agricultural University"
"Children's Memorial Hospital, Chicago","Children's Memorial Hospital, Chicago"
"Massachusetts General Hospital","Massachusetts General Hospital"
"Retina Foundation of the Southwest","Retina Foundation of the Southwest"
University of Seville,University of Seville
Seoul National University,Seoul National University
University of Texas Health Science Center,University of Texas Health Science Center at San Antonio
"Montefiore Medical Center/Albert Einstein College of Medicine","Montefiore Medical Center/Albert Einstein College of Medicine"
University of Washington,University of Washington
Uppsala University,Uppsala University
Washington University,Washington University
uwa.edu.au,University of Western Australia
Yongin University,Yongin University
,
#Some special ALSPAC munging,
Oakfield Grove,University of Bristol
Canynge Hall,University of Bristol
Tyndall Avenue,University of Bristol
BS8 1TQ,University of Bristol
"Unit of Paediatric and Perinatal Epidemiology, Institute of Child Health, Bristol",University of Bristol
"School of Social and Community Medicine, Bristol",University of Bristol
,
#Some UCL munging,
WC1N 1EH,University College London
